INSERT INTO Users (
    id,
    username, 
    first_name,
    last_name,
    date_of_birth,
    registration_datetime,
    user_type
)
VALUES
    (
        1,
        'rusen', 
        'Rusen',
        'Yasar', 
        '1987-03-03',
        '2025-04-02 12:00:00',
        'home barista'
    ), 
    (
        2,
        'dev',
        '',
        '',
        NULL,
        '2025-04-02 12:00:00',
        'developer'
    );

INSERT INTO CoffeeMachines (
    id,
    manufacturer, 
    model_name,
    model_name_add,
    model_specification,
    product_identifier,
    pump_pressure_bar,
    pump_type,
    water_temp_control,
    pid_control,
    boiler_type,
    portafilter_diam_mm
)
VALUES
    (
        1,
        'DeLonghi', 
        'Dedica', 
        '', 
        'Black',
        'EC685.BK', 
        15, 
        '', 
        'None', 
        '', 
        'Thermoblock', 
        51
    ), 
    (
        2,
        'Sage/Breville',
        'Barista',
        'Pro', 
        'Brushed Stainless Steel',
        'SES878BSS4EEU1', 
        15, 
        'Vibration', 
        'PID',
        'automatic',
        'Thermojet',
        54
    ), 
    (
        3,
        'Sage/Breville',
        'Oracle',
        'Touch',
        'Matte Black',
        'SES990BSS4EEU1',
        9,
        'Vibration',
        'PID',
        'programmable',
        'Dual Boiler',
        58
    );

INSERT INTO Grinders (
    id,
    manufacturer, 
    model_name,
    model_name_add,
    model_specification,
    product_identifier,
    operation_type,
    burr_shape,
    burr_diameter_mm,
    burr_material,
    min_setting,
    max_setting, 
    min_espresso_range,
    max_espresso_range,
    single_dose
)
VALUES
    (
        1,
        'Baratza', 
        'Encore', 
        'ESP', 
        'Black',
        '495W-230V-F', 
        'electric',
        'cone', 
        40, 
        'steel', 
        0,
        40,
        0,
        20,
        'no'
    ),
    (
        2,
        'Sage/Breville',
        'The Smart Grinder',
        'Pro',
        'Brushed Stainless Steel',
        'SCG820BSS4EEU1', 
        'electric',
        'cone',
        40, 
        'steel', 
        1, 
        60, 
        1, 
        30, 
        'no'
    ), 
    (
        3,
        'Hario', 
        'Skerton', 
        'Plus',
        'Schwarz', 
        'B01LXZACFB', 
        'manual',
        'cone', 
        38,
        'ceramic',
        NULL,
        NULL,
        NULL,
        NULL,
        'no'
    );

INSERT INTO Portafilters (
    id,
    manufacturer, 
    model_name,
    model_name_add,
    model_specification,
    product_identifier,
    basket_diameter_mm,
    pressurized,
    basket_shot_size,
    spout
)
VALUES
    (
        1,
        'DeLonghi',
        'Dedica',
        'Portafilter',
        'Default',
        'B07337M11F',
        51,
        'yes',
        'single',
        'double'
    ), 
    (
        2,
        'DeLonghi',
        'Dedica',
        'Portafilter',
        'Default',
        'B07337M11F',
        51,
        'yes',
        'double',
        'double'
    ), 
    (
        3,
        'Neouza',
        'Portafilter',
        'extra basket',
        'bottomless, wooden handle, 51mm',
        'B087WM4T7J',
        51,
        'no',
        'single',
        'bottomless'
    ), 
    (
        4,
        'Neouza',
        'Portafilter 51mm',
        'default basket',
        'bottomless, wooden handle, 51mm',
        'B087WM4T7J',
        51,
        'no',
        'double',
        'bottomless'
    ), 
    (
        5,
        'Neouza',
        'Portafilter 51mm',
        'extra basket',
        'bottomless, wooden handle, 51mm',
        'B087WM4T7J',
        51,
        'no',
        'double',
        'bottomless'
    ), 
    (
        6,
        'Neouza',
        'Portafilter 51mm',
        'extra basket',
        'bottomless, wooden handle, 51mm',
        'B087WM4T7J',
        51,
        'no',
        'quadruple',
        'bottomless'
    ), 
    (
        7,
        'Sage/Breville',
        'Barista',
        'Portafilter',
        'default',
        'SP0027237',
        54,
        'no',
        'double',
        'double'
    ), 
    (
        8,
        'Sage/Breville',
        'Oracle',
        'Portafilter',
        'default',
        'SP0001817',
        58,
        'no',
        'double',
        'double'
    );

INSERT INTO EquipmentOwnership (
    user_id, 
    equipment_type,
    coffee_machine_id,
    grinder_id,
    portafilter_id, 
    purchase_date, 
    purchased_from, 
    purchase_price_eur
)
VALUES
    (
        1, 
        'coffee_machine',
        1, 
        NULL,
        NULL,
        '2018-03-03', 
        'amazon.de', 
        129.99
    ), 
    (
        1, 
        'grinder',
        NULL,
        1,
        NULL,
        '2024-10-15', 
        'amazon.de', 
        159.99
    ), 
    (
        1, 
        'portafilter',
        NULL,
        NULL,
        1,
        '2018-03-03', 
        'amazon.de', 
        0.0
    ), 
    (
        1, 
        'portafilter',
        NULL,
        NULL,
        2,
        '2018-03-03', 
        'amazon.de', 
        0.0
    ), 
    (
        1, 
        'portafilter',
        NULL,
        NULL,
        3,
        '2024-10-05', 
        'amazon.de', 
        NULL
    ),
    (
        1, 
        'portafilter',
        NULL,
        NULL,
        4,
        '2024-10-05', 
        'amazon.de', 
        NULL
    ),
    (
        1, 
        'portafilter',
        NULL,
        NULL,
        5,
        '2024-10-05', 
        'amazon.de', 
        NULL
    ),
        (
        1, 
        'portafilter',
        NULL,
        NULL,
        6,
        '2024-10-05', 
        'amazon.de', 
        NULL
    ),
    (
        2, 
        'coffee_machine',
        2,
        NULL,
        NULL,
        '2025-03-01', 
        'amazon.de', 
        799.99
    ), 
    (
        2, 
        'grinder',
        NULL,
        2,
        NULL,
        '2025-03-01', 
        'amazon.de', 
        199.99
    ), 
    (
        2, 
        'portafilter',
        NULL,
        NULL,
        7,
        '2025-03-01', 
        'amazon.de', 
        0.0
    );

INSERT INTO UserDefaults (
    user_id, 
    coffee_machine_id,
    grinder_id,
    portafilter_id,
    wdt_used,
    tamping_method,
    leveler_used,
    puck_screen_used,
    puck_screen_thickness_mm,
    setup_name
)
VALUES
    (
        1, 
        1,
        1,
        5,
        'yes',
        'manual',
        'no',
        'yes',
        1.7,
        'Dedica-Baratza-Neouza'
    ), 
    (
        2, 
        2,
        2,
        7,
        'yes', 
        'manual',
        'yes',
        'no',
        NULL,
        'BaristaPro-SmartGrinder'
    );

INSERT INTO CoffeeBeanVarieties (
    producer, 
    name,
    origin,
    origin_type,
    arabica_ratio,
    roast_level,
    intensity,
    acidity,
    flavor_notes,
    decaffeinated
)
VALUES
    (
        'Andraschko', 
        'Déjà vu', 
        'Latin America',
        'blend',
        1.0, 
        0.8, 
        0.75, 
        0.5,
        'fruit, chocolate, sweet', 
        'no'
    ), 
    (
        'Murnauer', 
        'San Pedro Bio', 
        'Honduras', 
        'single origin', 
        1.0, 
        0.8, 
        1.0, 
        0.25, 
        'nutty, chocolate', 
        'no'
    ), 
    (
        'Origeens', 
        'Susana',
        'Peru', 
        'single origin', 
        1.0, 
        NULL, 
        0.86, 
        NULL,
        'chocolate, nutty, fruit', 
        'no'
    ),
    (
        'Tchibo',
        'Barista Espresso', 
        'Brazil', 
        'blend', 
        1.0, 
        1.0, 
        0.83,
        0.0,
        'nutty', 
        'no'
    );

INSERT INTO CoffeeBeanPurchases (
    user_id, 
    variety_id,
    purchase_date,
    purchased_from,
    roast_date,
    weight_kg,
    price_per_kg_eur
)
VALUES
    (
        1, 
        1,
        '2025-03-22', 
        'roastmarket.de', 
        '2024-12-15', 
        0.25, 
        33.99
    ), 
    (
        1,
        2,
        '2025-03-22',
        'roastmarket.de',
        '2025-11-30', 
        0.25, 
        37.99
    ), 
    (
        1, 
        3, 
        '2025-04-01', 
        'origeens.com', 
        NULL,
        0.5, 
        28.77
    ), 
    (
        1,
        4, 
        '2025-03-15', 
        'edeka', 
        NULL, 
        1.0, 
        16.99
    ), 
    (
        1, 
        2, 
        '2025-01-10', 
        'roastmarket.de', 
        '2024-08-20', 
        0.25, 
        37.99
    ), 
    (
        2, 
        1,
        '2025-03-22', 
        'roastmarket.de', 
        '2024-12-15', 
        0.25, 
        33.99
    ), 
    (
        2, 
        2, 
        '2025-01-10', 
        'roastmarket.de', 
        '2024-08-20', 
        0.25, 
        37.99
    ), 
    (
        2,
        4, 
        '2025-03-15', 
        'edeka', 
        NULL, 
        1.0, 
        16.99
    );

INSERT INTO EspressoExperiments (
    experiment_datetime,
    user_id,
    coffee_machine_id,
    grinder_id,
    portafilter_id,
    wdt_used,
    tamping_method,
    leveler_used,
    puck_screen_used,
    puck_screen_thickness_mm,
    coffee_bean_purchase_id,
    grind_setting,
    dose_gr,
    extraction_time_sec, 
    yield_gr,
    evaluation_general,
    evaluation_flavor,
    evaluation_body,
    evaluation_crema,
    evaluation_notes
)
VALUES
    (
        '2025-04-03 10:00:00', 
        1,
        1, 
        1, 
        5, 
        "yes",
        "manual",
        "no",
        "yes", 
        1.7,
        1, 
        12, 
        18.0,
        27,
        30.0,
        8,
        7,
        9,
        10,
        'a little bitter, try shorter extraction or coarser grind'
    )
    